minute,FatigueIndex,activityLabel
0,13.6660799827107,walk
0.0167833333333333,14.2463821574343,walk
0.0335666666666667,14.6314178944723,walk
0.05035,11.6483809972425,walk
0.0671333333333333,10.2103037659888,walk
0.0839166666666667,10.1176253780814,walk
0.1007,8.22558636097218,walk
0.117483333333333,5.61055638808414,walk
0.134266666666667,6.34669357987411,walk
0.15105,6.95624098712574,walk
0.167833333333333,6.75650979417971,walk
0.184616666666667,7.45250043422699,walk
0.2014,9.41224385280447,walk
0.218183333333333,10.4142063965151,walk
0.234966666666667,12.2340563545092,walk
0.25175,12.8909038193987,walk
0.268533333333333,12.6251470363977,walk
0.285316666666667,13.6760173654696,walk
0.3021,11.4095308106759,walk
0.318883333333333,9.18286175160679,walk
0.335666666666667,9.38941678372876,walk
0.35245,9.46002198909788,walk
0.369233333333333,7.53082436227344,walk
0.386016666666667,8.72868510799546,walk
0.4028,8.84431757267185,walk
0.419583333333333,7.3971292826064,walk
0.436366666666667,5.62957663820646,walk
0.45315,5.97656954677573,walk
0.469933333333333,6.53132513601408,walk
0.486716666666667,7.95918858429172,walk
0.5035,8.84826503545716,walk
0.520283247884115,11.1177935365128,walk
0.537066666666667,10.3755210306934,walk
0.55385,10.1374438369512,walk
0.570633333333333,10.2117159440538,walk
0.587416666666667,11.0011490866714,walk
0.6042,10.3852231406961,walk
0.620983333333333,10.772112113792,walk
0.637766666666667,10.4296122491247,walk
0.65455,11.041476665597,walk
0.671333333333333,11.2065717533698,walk
0.688116666666667,12.2447355600065,walk
0.7049,13.1245601688951,walk
0.721683333333333,13.9162561576355,walk
0.738466666666667,13.5995777621393,walk
0.75525,13.8106966924701,walk
0.772033333333333,14.4440534834623,walk
0.788816666666667,14.0218156228008,walk
0.8056,14.1004168245548,walk
0.822383333333333,15.0313430411953,walk
0.839166666666667,13.0784929356358,walk
0.85595,12.3653981486494,walk
0.872733333333333,12.2070589509013,walk
0.889516666666667,13.0593839657879,walk
0.9063,10.2811671087533,walk
0.923083333333333,10.4922860390841,walk
0.939866666666667,9.67476858117252,walk
0.95665,11.2053808260705,walk
0.973433333333333,11.2772695285011,walk
0.990216666666667,14.7865533481297,walk
1.007,17.5569209116007,walk
1.02378333333333,19.3772532885833,walk
1.04056666666667,18.7438964975911,walk
1.05735,18.3744383695123,walk
1.07413333333333,15.815189736372,walk
1.09091666666667,12.5698045796568,walk
1.1077,10.3530558111839,walk
1.12448333333333,8.74055900697059,walk
1.14126666666667,7.15410054133299,walk
1.15805,7.12247840675211,walk
1.17483333333333,8.47496885390557,walk
1.19161666666667,7.88760920701821,walk
1.2084,7.09491624049696,walk
1.22518333333333,5.79097626999537,walk
1.24196666666667,4.3557198570525,walk
1.25875,4.03012975621527,walk
1.27553333333333,5.39183903535534,walk
1.29231666666667,7.0239204175625,walk
1.3091,8.42112918842061,walk
1.32588333333333,9.19470375126483,walk
1.34266666666667,8.2076994694752,walk
1.35945,7.01111197656098,walk
1.37623333333333,6.64888771744045,walk
1.39301666666667,6.71702460298896,walk
1.4098,7.51588805283387,walk
1.42658333333333,9.74552048936286,walk
1.44336666666667,13.2289828398203,walk
1.46015,14.6282141503816,walk
1.47693333333333,14.9448925458778,walk
1.49371666666667,14.2587560223028,walk
1.5105,11.9892275212472,walk
1.52728341878255,8.69106263194933,walk
1.54406666666667,7.74102744546094,walk
1.56085,8.16326530612245,walk
1.57763333333333,10.0105559465165,walk
1.59441666666667,12.4384236453202,walk
1.6112,14.3912737508797,walk
1.62798333333333,15.6052076002815,walk
1.64476666666667,16.5024630541872,walk
1.66155,16.6608022519353,walk
1.67833333333333,17.0830401125968,walk
1.69511666666667,17.8747361013371,walk
1.7119,16.9247009148487,walk
1.72868333333333,15.2357494722027,walk
1.74546666666667,12.7551020408163,walk
1.76225,9.53553835327235,walk
1.77903333333333,7.16045038705137,walk
1.79581666666667,6.73821252638987,walk
1.8126,7.84658691062632,walk
1.82938333333333,10.1161154116819,walk
1.84616666666667,12.1745249824068,walk
1.86295,13.3356790992259,walk
1.87973333333333,13.652357494722,walk
1.89651666666667,12.8606615059817,walk
1.9133,13.1503816380664,walk
1.93008333333333,12.9920424403183,walk
1.94686666666667,12.0947869864126,walk
1.96365,11.1975315325069,walk
1.98043333333333,9.82525848535701,walk
1.99721666666667,6.4985570631531,walk
2.01400008544922,7.01402548728423,walk
2.03078333333333,5.41553136176572,walk
2.04756666666667,3.96177995830137,walk
2.06435,5.09597581170905,walk
2.08113333333333,7.23570164792259,walk
2.09791666666667,5.1896209788935,walk
2.1147,5.10138826501796,walk
2.13148333333333,5.35618109501355,walk
2.14826666666667,4.27930557623029,walk
2.16505,3.86765569497745,walk
2.18183333333333,3.75391698545776,walk
2.19861666666667,4.34727384296003,walk
2.2154,4.2857487934911,walk
2.23218333333333,4.70344605211087,walk
2.24896666666667,4.7456378052849,walk
2.26575,7.39280367877362,walk
2.28253333333333,9.59454804490186,walk
2.29931666666667,11.3300492610837,walk
2.3161,11.3828289936664,walk
2.33288333333333,10.2216748768473,walk
2.34966666666667,8.21604503870514,walk
2.36645,8.58885941644562,walk
2.38323333333333,8.24522275753803,walk
2.40001666666667,8.79884155253614,walk
2.4168,8.48216315704001,walk
2.43358333333333,7.07118497266281,walk
2.45036666666667,4.85107995452823,walk
2.46715,3.66410436853787,walk
2.48393333333333,2.4771287825475,walk
2.50071666666667,3.42716396903589,walk
2.5175,5.57705840957073,walk
2.53428333333333,7.00211118930331,walk
2.55106666666667,8.26882477128783,walk
2.56785,7.9521463757917,walk
2.58463333333333,6.95294354732998,walk
2.60141666666667,5.08499550112596,walk
2.6182,4.42904777668821,walk
2.63498333333333,4.74659431079674,walk
2.65176666666667,5.774248609148,walk
2.66855,7.06647210172365,walk
2.68533333333333,8.30858834912036,walk
2.70211666666667,7.76974215512709,walk
2.7189,6.18548203903404,walk
2.73568333333333,5.42172640359622,walk
2.75246666666667,4.12589082041121,walk
2.76925,2.60182817868369,walk
2.78603333333333,2.52990851513019,walk
2.80281666666667,4.48275862068966,walk
2.8196,6.69950738916256,walk
2.83638333333333,8.96903589021816,walk
2.85316666666667,11.0661505981703,walk
2.86995,12.1217452498241,walk
2.88673333333333,14.0554863855356,walk
2.90351666666667,12.472094408055,walk
2.9203,11.0998213609051,walk
2.938,9.56920911600715,walk
2.95478333333333,10.6281600173226,walk
2.97156666666667,8.37774048611487,walk
2.98835,12.3171114599686,walk
3.00513333333333,13.9532831700319,walk
3.02191666666667,15.800573810426,walk
3.0387,15.2166405023548,walk
3.05548333333333,15.3221999675202,walk
3.07226666666667,12.7551020408163,walk
3.08905,12.7551020408163,walk
3.10583333333333,13.5467980295567,walk
3.12261666666667,13.9162561576355,walk
3.1394,13.7579169598874,walk
3.15618333333333,14.3115357548855,walk
3.17296666666667,14.7595950847182,walk
3.18975,14.9965354842202,walk
3.20653333333333,15.1020949493856,walk
3.22331666666667,16.1049098684567,walk
3.2401,15.6568505386239,walk
3.25688333333333,14.2587560223028,walk
3.27366666666667,12.9392627077356,walk
3.29045,10.4058355437666,walk
3.30723333333333,7.48010368209292,walk
3.32401666666667,4.88714193234446,walk
3.3408,4.28300171096197,walk
3.35758333333333,2.66287089478266,walk
3.37436666666667,2.80485779401467,walk
3.39115,3.74409182420552,walk
3.40793333333333,4.54633373225415,walk
3.42471666666667,6.17987840815748,walk
3.4415,7.16665243334453,walk
3.45828333333333,8.95055737626053,walk
3.47506666666667,11.912911863403,walk
3.49185,13.9675303680162,walk
3.50863333333333,14.758458290478,walk
3.52541666666667,16.1049098684567,walk
3.5422,16.501326259947,walk
3.55898333333333,15.7848752232989,walk
3.57576666666667,16.6854869268662,walk
3.59255,15.3963081253722,walk
3.60933333333333,13.6594121417912,walk
3.62611666666667,12.0342485607413,walk
3.6429,10.2057832533771,walk
3.65968333333333,8.9345634929149,walk
3.67646666666667,6.55611927703226,walk
3.69325,8.90726308175764,walk
3.71003333333333,10.1629685347287,walk
3.72681666666667,10.7292133040103,walk
3.7436,10.0442267092513,walk
3.76038333333333,10.8887024305744,walk
3.77716666666667,7.4384236453202,walk
3.79395,4.83706993926373,walk
3.81073333333333,3.23407199850165,walk
3.82751666666667,1.73772122899711,walk
3.8443,1.14608156770747,walk
3.86108333333333,1.64420514397572,walk
3.87786666666667,2.21320816681395,walk
3.89465,2.42733029125583,walk
3.91143333333333,3.56937712829757,walk
3.92821666666667,3.41777005704775,walk
3.945,2.91964648077951,walk
3.96178333333333,3.19738232071295,walk
3.97856666666667,4.13706201296018,walk
3.99535,2.65814990038427,walk
4.01213333333333,2.46543604179072,walk
4.02891666666667,2.6097006441834,walk
4.0457,1.93644778866454,walk
4.06248333333333,1.48838845883181,walk
4.07926666666667,2.4771287825475,walk
4.09605,3.78254750175932,walk
4.11283333333333,3.63828289936664,walk
4.12961666666667,3.38845883180859,walk
4.1464,3.98646673523521,walk
4.16318333333333,3.92080333459644,walk
4.17996666666667,2.7596492177773,walk
4.19675,2.7596492177773,walk
4.21353333333333,2.7596492177773,walk
4.23031666666667,3.88415206164563,walk
4.2471,5.69212269354499,walk
4.26388333333333,8.28465589185137,walk
4.28066666666667,11.5556559414103,walk
4.29745,14.2478843651083,walk
4.31423333333333,14.1631250786808,walk
4.33101666666667,13.1352425099835,walk
4.3478,12.6269403515732,walk
4.36458333333333,12.6928103285395,walk
4.38136666666667,13.3116304621954,walk
4.39815,14.8406629562893,walk
4.41493333333333,18.0319385048449,walk
4.43171666666667,20.1700860715639,walk
4.4485,18.8247712878255,walk
4.46528333333333,16.0297846721993,walk
4.48206666666667,13.2672626630491,walk
4.49885,10.3983971917242,walk
4.51563333333333,7.35193361507183,walk
4.53241666666667,6.452012009582,walk
4.5492,9.08865942746011,walk
4.56598333333333,12.3261990298545,walk
4.58276666666667,14.7200469079352,walk
4.59955,17.6081712868395,walk
4.61633333333333,20.8304011259676,walk
4.63311666666667,22.1498944405348,walk
4.6499,22.2554539057002,walk
4.66668333333333,23.4727440047637,walk
4.68346666666667,23.2425161045851,walk
4.70025,22.2733719482488,walk
4.71703333333333,20.723650733503,walk
4.73381666666667,19.2267092513398,walk
4.7506,16.4788069073783,walk
4.76738333333333,16.2676879770476,walk
4.78416666666667,13.3873078434058,walk
4.80095,10.8129853646272,walk
4.81773333333333,7.84993183178842,walk
4.83451666666667,5.94986145881164,walk
4.8513,3.69944192760394,walk
4.86808333333333,3.29499104583609,walk
4.88486666666667,6.22682791697161,walk
4.90165,9.017589798872,walk
4.91843333333333,10.8822661680752,walk
4.93521666666667,11.2247660327425,walk
4.952,13.5786708315117,walk
4.96878333333333,12.5541288854277,walk
4.98556666666667,11.4788159242294,walk
5.00235,11.514209928003,walk
5.01913333333333,12.2800844475721,walk
5.03591666666667,12.8606615059817,walk
5.0527,13.8634764250528,walk
5.06948333333333,14.6551724137931,walk
5.08626666666667,16.4305743517566,walk
5.10304991455078,18.7865533481297,walk
5.11983333333333,18.1531965571374,walk
5.13661666666667,19.1065879932875,walk
5.1534,19.1593677258702,walk
5.17018333333333,17.5153467222433,walk
5.18696666666667,15.0874790234396,walk
5.20375,15.6489471120013,walk
5.22053333333333,14.0958696475938,walk
5.23731666666667,14.393439073242,walk
5.2541,15.2906945271477,walk
5.27088333333333,16.6551182807341,walk
5.28766666666667,16.9381259134954,walk
5.30445,16.8247171547664,walk
5.32123333333333,13.677042169653,walk
5.33801666666667,12.2211335462567,walk
5.3548,9.37102798679154,walk
5.37158333333333,8.28847507172631,walk
5.38836666666667,9.08017106046663,walk
5.40515,11.7449791587723,walk
5.42193333333333,9.84994316028799,walk
5.43871666666667,8.96533031957607,walk
5.4555,7.09986036203161,walk
5.47228333333333,3.76299033550641,walk
5.48906666666667,3.28797274226221,walk
5.50585,4.23351488484869,walk
5.52263333333333,7.81774338084129,walk
5.53941666666667,8.86569588047421,walk
5.5562,9.06274021544958,walk
5.57298333333333,6.87294971038814,walk
5.58976666666667,6.56076435879392,walk
5.60655,4.20478536242083,walk
5.62333341878255,5.31315974665728,walk
5.64011666666667,8.47994370161858,walk
5.6569,10.5911330049261,walk
5.67368333333333,11.4356087262491,walk
5.69046666666667,13.2637903967953,walk
5.70725,12.9569333678058,walk
5.72403333333333,10.8539219214534,walk
5.74081666666667,10.7997157983776,walk
5.7576,11.2632375205103,walk
5.77438333333333,10.0299996994939,walk
5.79116666666667,8.91085760127483,walk
5.80795,7.83482484036248,walk
5.82473333333333,5.98896059046158,walk
5.84151666666667,7.14250160854426,walk
5.8583,9.48411381379717,walk
5.87508333333333,13.6883297980404,walk
5.89186666666667,19.8567097926704,walk
5.90865,26.012829534997,walk
5.92543333333333,26.9022356953392,sit
5.94221666666667,26.6304877388621,sit
5.959,23.0605748930872,walk
5.97578333333333,16.9572348833433,walk
5.99256666666667,11.2233530016781,walk
6.00935,10.1980728630975,walk
6.02613333333333,9.48611487035132,walk
6.04291666666667,12.8640177556434,walk
6.0597,15.7677421101066,walk
6.07648324788411,19.8155867121384,walk
